-- phpMyAdmin SQL Dump
-- version 5.2.1
-- https://www.phpmyadmin.net/
--
-- Host: 127.0.0.1
-- Waktu pembuatan: 11 Agu 2024 pada 10.48
-- Versi server: 10.4.28-MariaDB
-- Versi PHP: 8.0.28

SET SQL_MODE = "NO_AUTO_VALUE_ON_ZERO";
START TRANSACTION;
SET time_zone = "+00:00";


/*!40101 SET @OLD_CHARACTER_SET_CLIENT=@@CHARACTER_SET_CLIENT */;
/*!40101 SET @OLD_CHARACTER_SET_RESULTS=@@CHARACTER_SET_RESULTS */;
/*!40101 SET @OLD_COLLATION_CONNECTION=@@COLLATION_CONNECTION */;
/*!40101 SET NAMES utf8mb4 */;

--
-- Database: `db_telur`
--

-- --------------------------------------------------------

--
-- Struktur dari tabel `tbl_pendapatan`
--

CREATE TABLE `tbl_pendapatan` (
  `id_pendapatan` int(10) NOT NULL,
  `id_penjualan` int(10) NOT NULL,
  `id_pengeluaran` int(10) NOT NULL,
  `tgl_awal` date NOT NULL,
  `tgl_akhir` date NOT NULL,
  `tgl_pengeluaran` date NOT NULL,
  `total_penjualan` int(10) NOT NULL,
  `total_pengeluaran` int(10) NOT NULL,
  `total_pendapatan` int(10) NOT NULL
) ENGINE=InnoDB DEFAULT CHARSET=utf8mb4 COLLATE=utf8mb4_general_ci;

--
-- Dumping data untuk tabel `tbl_pendapatan`
--

INSERT INTO `tbl_pendapatan` (`id_pendapatan`, `id_penjualan`, `id_pengeluaran`, `tgl_awal`, `tgl_akhir`, `tgl_pengeluaran`, `total_penjualan`, `total_pengeluaran`, `total_pendapatan`) VALUES
(4, 10724, 60724, '2024-07-01', '2024-07-06', '2024-07-06', 5579950, 4956000, 623950),
(7, 70724, 120724, '2024-07-07', '2024-07-12', '2024-07-12', 6191750, 5073500, 1118250),
(8, 130724, 18, '2024-07-13', '2024-07-18', '2024-07-18', 6426500, 5262000, 1164500),
(9, 190724, 240724, '2024-07-19', '2024-07-24', '2024-07-24', 6052700, 5399000, 653700),
(10, 250724, 300724, '2024-07-25', '2024-07-30', '2024-07-30', 6455300, 5244000, 1211300),
(11, 10624, 60624, '2024-06-01', '2024-06-06', '2024-06-06', 6501600, 5296000, 1205600),
(12, 70624, 120624, '2024-06-07', '2024-06-12', '2024-06-12', 6130600, 4952000, 1178600),
(13, 130624, 180624, '2024-06-13', '2024-06-18', '2024-06-18', 6605300, 5234000, 1371300),
(14, 190624, 240624, '2024-06-19', '2024-06-24', '2024-06-24', 6488100, 5321000, 1167100),
(15, 250624, 300624, '2024-06-25', '2024-06-30', '2024-06-30', 6604200, 5267000, 1337200);

-- --------------------------------------------------------

--
-- Struktur dari tabel `tbl_pengeluaran`
--

CREATE TABLE `tbl_pengeluaran` (
  `id_pengeluaran` int(15) NOT NULL,
  `tgl_pengeluaran` date NOT NULL,
  `b_kons` int(10) NOT NULL,
  `b_jagung` int(10) NOT NULL,
  `b_dadak` int(10) NOT NULL,
  `b_tb` int(10) NOT NULL,
  `harga_lain` int(10) NOT NULL,
  `jml_baki` int(10) NOT NULL,
  `harga_baki` int(10) NOT NULL,
  `harga_kons` int(10) NOT NULL,
  `harga_jagung` int(10) NOT NULL,
  `harga_dadak` int(10) NOT NULL,
  `harga_tb` int(10) NOT NULL,
  `total_kons` int(10) NOT NULL,
  `total_jagung` int(10) NOT NULL,
  `total_dadak` int(10) NOT NULL,
  `total_tb` int(10) NOT NULL,
  `total_pengeluaran` int(10) NOT NULL,
  `total_pakanayam` int(10) NOT NULL
) ENGINE=InnoDB DEFAULT CHARSET=utf8mb4 COLLATE=utf8mb4_general_ci;

--
-- Dumping data untuk tabel `tbl_pengeluaran`
--

INSERT INTO `tbl_pengeluaran` (`id_pengeluaran`, `tgl_pengeluaran`, `b_kons`, `b_jagung`, `b_dadak`, `b_tb`, `harga_lain`, `jml_baki`, `harga_baki`, `harga_kons`, `harga_jagung`, `harga_dadak`, `harga_tb`, `total_kons`, `total_jagung`, `total_dadak`, `total_tb`, `total_pengeluaran`, `total_pakanayam`) VALUES
(10624, '2024-06-01', 4, 320, 200, 1, 332000, 750, 400000, 540000, 6000, 2100, 21000, 2160000, 1920000, 420000, 21000, 5253000, 4521000),
(60624, '2024-06-06', 4, 320, 200, 1, 250000, 750, 400000, 530000, 6200, 2600, 22000, 2120000, 1984000, 520000, 22000, 5296000, 4646000),
(60724, '2024-07-06', 4, 320, 200, 1, 350000, 700, 350000, 540000, 6300, 300, 20000, 2160000, 2016000, 60000, 20000, 4956000, 4256000),
(120624, '2024-06-12', 4, 320, 200, 1, 340000, 700, 350000, 530000, 5000, 2600, 22000, 2120000, 1600000, 520000, 22000, 4952000, 4262000),
(120724, '2024-07-12', 4, 320, 200, 1, 250000, 650, 227500, 530000, 5800, 3000, 20000, 2120000, 1856000, 600000, 20000, 5073500, 4596000),
(180624, '2024-06-18', 4, 320, 200, 1, 360000, 750, 400000, 540000, 5600, 2500, 22000, 2160000, 1792000, 500000, 22000, 5234000, 4474000),
(180724, '2024-07-18', 4, 320, 200, 1, 250000, 600, 350000, 530000, 6000, 3000, 22000, 2120000, 1920000, 600000, 22000, 5262000, 4662000),
(240624, '2024-06-24', 4, 320, 200, 1, 350000, 700, 350000, 540000, 6000, 2600, 21000, 2160000, 1920000, 520000, 21000, 5321000, 4621000),
(240724, '2024-07-24', 4, 320, 200, 1, 400000, 650, 325000, 540000, 6100, 2700, 22000, 2160000, 1952000, 540000, 22000, 5399000, 4674000),
(300624, '2024-06-30', 4, 320, 200, 1, 350000, 750, 375000, 530000, 5500, 3200, 22000, 2120000, 1760000, 640000, 22000, 5267000, 4542000),
(300724, '2024-07-30', 4, 320, 200, 1, 300000, 700, 350000, 530000, 6100, 2600, 2000, 2120000, 1952000, 520000, 2000, 5244000, 4594000);

-- --------------------------------------------------------

--
-- Struktur dari tabel `tbl_penjualan`
--

CREATE TABLE `tbl_penjualan` (
  `id_penjualan` int(10) NOT NULL,
  `tgl_penjualan` date NOT NULL,
  `tbakso` int(10) NOT NULL,
  `harga_tbakso` int(15) NOT NULL,
  `harga_tmk` int(15) NOT NULL,
  `harga_ts` int(15) NOT NULL,
  `tmk` int(10) NOT NULL,
  `ts` int(10) NOT NULL,
  `total_tbakso` int(10) NOT NULL,
  `total_tmk` int(10) NOT NULL,
  `total_ts` int(10) NOT NULL,
  `total_penjualan` int(10) NOT NULL
) ENGINE=InnoDB DEFAULT CHARSET=utf8mb4 COLLATE=utf8mb4_general_ci;

--
-- Dumping data untuk tabel `tbl_penjualan`
--

INSERT INTO `tbl_penjualan` (`id_penjualan`, `tgl_penjualan`, `tbakso`, `harga_tbakso`, `harga_tmk`, `harga_ts`, `tmk`, `ts`, `total_tbakso`, `total_tmk`, `total_ts`, `total_penjualan`) VALUES
(10624, '2024-06-01', 146, 1300, 1500, 1800, 410, 137, 189800, 615000, 246600, 1051400),
(10724, '2024-07-01', 120, 1200, 1500, 1800, 371, 113, 144000, 556500, 203400, 903900),
(20624, '2024-06-02', 156, 1300, 1500, 1800, 382, 134, 202800, 573000, 241200, 1017000),
(20724, '2024-07-02', 123, 1200, 1500, 1800, 353, 120, 147600, 529500, 216000, 893100),
(30624, '2024-06-03', 125, 1300, 1500, 1800, 420, 153, 162500, 630000, 275400, 1067900),
(30724, '2024-07-03', 124, 1200, 1500, 1800, 346, 140, 148800, 519000, 252000, 919800),
(40624, '2024-06-04', 143, 1350, 1600, 1900, 410, 132, 193050, 656000, 250800, 1099850),
(40724, '2024-07-04', 110, 1300, 1600, 2000, 350, 126, 143000, 560000, 252000, 955000),
(50624, '2024-06-05', 135, 1350, 1600, 1900, 426, 146, 182250, 681600, 277400, 1141250),
(50724, '2024-07-05', 113, 1300, 1600, 2000, 345, 120, 146900, 552000, 240000, 938900),
(60624, '2024-06-06', 132, 1350, 1600, 1900, 425, 140, 178200, 680000, 266000, 1124200),
(60724, '2024-07-06', 115, 1350, 1700, 2200, 330, 115, 155250, 561000, 253000, 969250),
(70624, '2024-06-07', 138, 1200, 1400, 1600, 397, 143, 165600, 555800, 228800, 950200),
(70724, '2024-07-07', 118, 1350, 1700, 2200, 350, 118, 159300, 595000, 259600, 1013900),
(80624, '2024-06-08', 135, 1200, 1400, 1600, 420, 142, 162000, 588000, 227200, 977200),
(80724, '2024-07-08', 120, 1350, 1700, 2200, 350, 100, 162000, 595000, 220000, 977000),
(90624, '2024-06-09', 135, 1200, 1400, 1600, 425, 145, 162000, 595000, 232000, 989000),
(90724, '2024-07-09', 121, 1350, 1700, 2200, 347, 98, 163350, 589900, 215600, 968850),
(100624, '2024-06-10', 150, 1200, 1500, 1800, 421, 142, 180000, 631500, 255600, 1067100),
(100724, '2024-07-10', 150, 1500, 1900, 2000, 350, 150, 240000, 472500, 192000, 1190000),
(110624, '2024-06-11', 147, 1300, 1500, 1800, 416, 150, 191100, 624000, 270000, 1085100),
(110724, '2024-07-11', 120, 1400, 1700, 2000, 350, 132, 144000, 490000, 224400, 1027000),
(120624, '2024-06-12', 135, 1300, 1500, 1800, 429, 135, 175500, 643500, 243000, 1062000),
(120724, '2024-07-12', 125, 1400, 1800, 2000, 320, 132, 150000, 448000, 224400, 1015000),
(130624, '2024-06-13', 142, 1400, 1600, 1900, 420, 139, 198800, 672000, 264100, 1134900),
(130724, '2024-07-13', 121, 1400, 1800, 2000, 340, 150, 145200, 476000, 255000, 1081400),
(140624, '2024-06-14', 142, 1400, 1700, 1900, 385, 132, 198800, 654500, 250800, 1104100),
(140724, '2024-07-14', 120, 1400, 1800, 2000, 340, 150, 144000, 476000, 255000, 1080000),
(150624, '2024-06-15', 132, 1300, 1600, 1800, 372, 148, 171600, 595200, 266400, 1033200),
(150724, '2024-07-15', 100, 1400, 1800, 2100, 340, 130, 120000, 476000, 170000, 1025000),
(160624, '2024-06-16', 126, 1300, 1600, 1800, 397, 126, 163800, 635200, 226800, 1025800),
(160724, '2024-07-16', 100, 1400, 1800, 2000, 390, 100, 120000, 546000, 170000, 1042000),
(170724, '2024-07-17', 125, 1400, 1800, 2000, 362, 125, 175000, 651600, 250000, 1076600),
(171624, '2024-06-17', 136, 1400, 1700, 2000, 406, 145, 190400, 690200, 290000, 1170600),
(180624, '2024-06-18', 126, 1400, 1700, 2000, 379, 158, 176400, 644300, 316000, 1136700),
(180724, '2024-07-18', 115, 1500, 1900, 2200, 342, 136, 172500, 649800, 299200, 1121500),
(190624, '2024-06-19', 139, 1300, 1600, 1800, 392, 140, 180700, 627200, 252000, 1059900),
(190724, '2024-07-19', 132, 1300, 1500, 1800, 365, 130, 171600, 547500, 234000, 953100),
(200624, '2024-06-20', 129, 1300, 1600, 1800, 426, 116, 167700, 681600, 208800, 1058100),
(200724, '2024-07-20', 125, 1300, 1600, 1900, 369, 127, 162500, 590400, 241300, 994200),
(210624, '2024-06-21', 149, 1300, 1600, 1800, 412, 143, 193700, 659200, 257400, 1110300),
(210724, '2024-07-21', 135, 1300, 1600, 1900, 395, 125, 175500, 632000, 237500, 1045000),
(220624, '2024-06-22', 135, 1300, 1600, 1800, 423, 125, 175500, 676800, 225000, 1077300),
(220724, '2024-07-22', 142, 1300, 1600, 1900, 392, 127, 184600, 627200, 241300, 1053100),
(230624, '2024-06-23', 136, 1300, 1600, 1800, 400, 139, 176800, 640000, 250200, 1067000),
(230724, '2024-07-23', 145, 1200, 1500, 1800, 389, 135, 174000, 583500, 243000, 1000500),
(240624, '2024-06-24', 138, 1400, 1700, 2000, 379, 139, 193200, 644300, 278000, 1115500),
(240724, '2024-07-24', 119, 1200, 1500, 1800, 426, 125, 142800, 639000, 225000, 1006800),
(250624, '2024-06-25', 129, 1400, 1700, 2000, 386, 134, 180600, 656200, 268000, 1104800),
(250724, '2024-07-25', 139, 1200, 1500, 1800, 437, 136, 166800, 655500, 244800, 1067100),
(260624, '2024-06-26', 124, 1400, 1700, 2000, 384, 127, 173600, 652800, 254000, 1080400),
(260724, '2024-07-27', 148, 1200, 1500, 1800, 419, 134, 177600, 628500, 241200, 1047300),
(270624, '2024-06-27', 135, 1400, 1700, 2000, 381, 135, 189000, 647700, 270000, 1106700),
(270724, '2024-07-27', 147, 1200, 1500, 1800, 440, 132, 176400, 660000, 237600, 1074000),
(280624, '2024-06-28', 142, 1300, 1600, 1800, 395, 148, 184600, 632000, 266400, 1083000),
(280724, '2024-07-28', 150, 1200, 1500, 1800, 415, 145, 180000, 622500, 261000, 1063500),
(290624, '2024-06-29', 136, 1300, 1600, 1900, 376, 134, 176800, 601600, 254600, 1033000),
(290724, '2024-07-29', 131, 1200, 1500, 1800, 423, 157, 157200, 634500, 282600, 1074300),
(300624, '2024-06-30', 125, 1300, 1600, 1900, 487, 134, 162500, 779200, 254600, 1196300),
(300724, '2024-07-30', 124, 1300, 1600, 1900, 428, 149, 161200, 684800, 283100, 1129100),
(310724, '2024-07-31', 137, 1300, 1600, 1900, 427, 128, 178100, 683200, 243200, 1104500);

-- --------------------------------------------------------

--
-- Struktur dari tabel `tbl_user`
--

CREATE TABLE `tbl_user` (
  `id_user` int(10) NOT NULL,
  `username` varchar(50) NOT NULL,
  `password` varchar(50) NOT NULL
) ENGINE=InnoDB DEFAULT CHARSET=utf8mb4 COLLATE=utf8mb4_general_ci;

--
-- Dumping data untuk tabel `tbl_user`
--

INSERT INTO `tbl_user` (`id_user`, `username`, `password`) VALUES
(1, 'admin', 'admin'),
(2, 'karyawan', 'karyawan');

--
-- Indexes for dumped tables
--

--
-- Indeks untuk tabel `tbl_pendapatan`
--
ALTER TABLE `tbl_pendapatan`
  ADD PRIMARY KEY (`id_pendapatan`);

--
-- Indeks untuk tabel `tbl_pengeluaran`
--
ALTER TABLE `tbl_pengeluaran`
  ADD PRIMARY KEY (`id_pengeluaran`);

--
-- Indeks untuk tabel `tbl_penjualan`
--
ALTER TABLE `tbl_penjualan`
  ADD PRIMARY KEY (`id_penjualan`);

--
-- Indeks untuk tabel `tbl_user`
--
ALTER TABLE `tbl_user`
  ADD PRIMARY KEY (`id_user`);

--
-- AUTO_INCREMENT untuk tabel yang dibuang
--

--
-- AUTO_INCREMENT untuk tabel `tbl_pendapatan`
--
ALTER TABLE `tbl_pendapatan`
  MODIFY `id_pendapatan` int(10) NOT NULL AUTO_INCREMENT, AUTO_INCREMENT=16;

--
-- AUTO_INCREMENT untuk tabel `tbl_user`
--
ALTER TABLE `tbl_user`
  MODIFY `id_user` int(10) NOT NULL AUTO_INCREMENT, AUTO_INCREMENT=3;
COMMIT;

/*!40101 SET CHARACTER_SET_CLIENT=@OLD_CHARACTER_SET_CLIENT */;
/*!40101 SET CHARACTER_SET_RESULTS=@OLD_CHARACTER_SET_RESULTS */;
/*!40101 SET COLLATION_CONNECTION=@OLD_COLLATION_CONNECTION */;
